{"cameraMode":{"drawMode":0,"name":"Shaded","section":"Shading Mode"},"sceneLighting":true,"audioPlay":false,"sceneViewState":{"m_AlwaysRefresh":false,"showFog":true,"showSkybox":true,"showFlares":true,"showImageEffects":true,"showParticleSystems":true,"showVisualEffectGraphs":true,"m_FxEnabled":true},"in2DMode":false,"pivot":{"x":7.146215915679932,"y":16.021120071411134,"z":-29.137062072753908},"rotation":{"x":0.1816864311695099,"y":-0.007099551148712635,"z":0.0013080929638817907,"w":0.9833537936210632},"size":4.63313627243042,"orthographic":false}